{"cameraMode":{"drawMode":0,"name":"Shaded","section":"Shading Mode"},"sceneLighting":false,"audioPlay":false,"sceneViewState":{"showFog":true,"showMaterialUpdate":false,"showSkybox":false,"showFlares":true,"showImageEffects":true,"showParticleSystems":true},"in2DMode":false,"pivot":{"x":7.392313480377197,"y":7.226698398590088,"z":0.7845944762229919},"rotation":{"x":-0.16447997093200684,"y":0.8127330541610718,"z":-0.2745814025402069,"w":-0.48684385418891909},"size":0.7087551951408386,"orthographic":false}