{"cameraMode":{"drawMode":0,"name":"Shaded","section":"Shading Mode"},"sceneLighting":true,"audioPlay":false,"sceneViewState":{"showFog":true,"showMaterialUpdate":false,"showSkybox":true,"showFlares":true,"showImageEffects":true,"showParticleSystems":true},"in2DMode":false,"pivot":{"x":0.7172049283981323,"y":0.0454096794128418,"z":0.9162907004356384},"rotation":{"x":-0.5226892828941345,"y":0.33067673444747927,"z":-0.23003865778446198,"w":-0.7513525485992432},"size":5.236338138580322,"orthographic":false}